feature_ID	gene_symbol	chromosome
ENSRNOG00000000161	Chm	X
ENSRNOG00000000164	Lamp2	X
ENSRNOG00000000165	Pfkfb1	X
ENSRNOG00000000166	Apex2	X
ENSRNOG00000000167	Alas2	X
ENSRNOG00000000861	Zic3	X
ENSRNOG00000000866	Rbmx	X
ENSRNOG00000000869	Arhgef6	X
ENSRNOG00000000871	Cd40lg	X
ENSRNOG00000000873	Brs3	X
ENSRNOG00000000875	Fhl1	X
ENSRNOG00000000879	Slc9a6	X
ENSRNOG00000001465	Ids	X
ENSRNOG00000001506	Tmem35a	X
ENSRNOG00000002276	Phf6	X
ENSRNOG00000002285	Pabir2	X
ENSRNOG00000002291	Brwd3	X
ENSRNOG00000002323	Chmp1b2	X
ENSRNOG00000002346	Tbx22	X
ENSRNOG00000002365	Itm2a	X
ENSRNOG00000002379	Plac1	X
ENSRNOG00000002387	Tceal1	X
ENSRNOG00000002389	Morf4l2	X
ENSRNOG00000002391	Glra4	X
ENSRNOG00000002413	Gpc4	X
ENSRNOG00000002419	Plp1	X
ENSRNOG00000002428	Lpar4	X
ENSRNOG00000002429	Rtl3	X
ENSRNOG00000002449	Maged2	X
ENSRNOG00000002451	Fndc3c1	X
ENSRNOG00000002487	Mbnl3	X
ENSRNOG00000002509	Gnl3l	X
ENSRNOG00000002529	Rap2c	X
ENSRNOG00000002537	Wnk3	X
ENSRNOG00000002563	Mcts1	X
ENSRNOG00000002565	Taf1	X
ENSRNOG00000002585	Cul4b	X
ENSRNOG00000002592	Rps6ka6	X
ENSRNOG00000002660	Magee1	X
ENSRNOG00000002662	Pbdc1	X
ENSRNOG00000002708	Phf8	X
ENSRNOG00000002751	Zdhhc15	X
ENSRNOG00000002767	Dlg3	X
ENSRNOG00000002784	Pou3f4	X
ENSRNOG00000002790	Abcb7	X
ENSRNOG00000002800	Gdpd2	X
ENSRNOG00000002832	Slc16a2	X
ENSRNOG00000002844	Usp27x	X
ENSRNOG00000002848	Maoa	X
ENSRNOG00000002862	Clcn5	X
ENSRNOG00000002904	Arr3	X
ENSRNOG00000002921	Akap4	X
ENSRNOG00000002923	Zcchc13	X
ENSRNOG00000002951	Ccnb3	X
ENSRNOG00000002959	Shroom4	X
ENSRNOG00000002960	Ndp	X
ENSRNOG00000002974	Cdx4	X
ENSRNOG00000002975	Crip2l2	X
ENSRNOG00000002984	Bmp15	X
ENSRNOG00000002986	Efhc2	X
ENSRNOG00000003008	Higd1al1	X
ENSRNOG00000003009	4930519F16Rikl	X
ENSRNOG00000003013	Rpgr	X
ENSRNOG00000003025	Nap1l2	X
ENSRNOG00000003030	Awat2	X
ENSRNOG00000003049	Hsd17b10	X
ENSRNOG00000003062	Klhdc2l1	X
ENSRNOG00000003063	Phka1	X
ENSRNOG00000003081	Ribc1	X
ENSRNOG00000003085	Mycs	X
ENSRNOG00000003099	Ubqln2	X
ENSRNOG00000003110	Mageb5	X
ENSRNOG00000003122	Hdac8	X
ENSRNOG00000003139	Smc1a	X
ENSRNOG00000003158	Rpl35-ps8	X
ENSRNOG00000003178	Mageh1	X
ENSRNOG00000003187	Armcx5	X
ENSRNOG00000003189	Cited1	X
ENSRNOG00000003191	Gprasp3	X
ENSRNOG00000003201	Rps4x	X
ENSRNOG00000003208	Ercc6l	X
ENSRNOG00000003228	Mid1ip1	X
ENSRNOG00000003229	Tspan7	X
ENSRNOG00000003261	Usp9x	X
ENSRNOG00000003305	Cxcr3	X
ENSRNOG00000003313	Glra2	X
ENSRNOG00000003345	AABR07038690.1	X
ENSRNOG00000003346	Fancb	X
ENSRNOG00000003350	Mospd2	X
ENSRNOG00000003354	Pabpc5	X
ENSRNOG00000003359	Ogt	X
ENSRNOG00000003370	Otc	X
ENSRNOG00000003377	Rbm31y	X
ENSRNOG00000003409	Ldoc1	X
ENSRNOG00000003430	F9	X
ENSRNOG00000003435	Mcf2	X
ENSRNOG00000003452	Asb11	X
ENSRNOG00000003456	Actrt1	X
ENSRNOG00000003470	Fundc1	X
ENSRNOG00000003472	Atp11c	X
ENSRNOG00000003526	Sytl4	X
ENSRNOG00000003531	Samt1	X
ENSRNOG00000003532	Magea13	X
ENSRNOG00000003533	Clcn4	X
ENSRNOG00000003543	Gpr143	X
ENSRNOG00000003554	Piga	X
ENSRNOG00000003585	Sytl5	X
ENSRNOG00000003587	Vegfd	X
ENSRNOG00000003596	Itgb1bp2	X
ENSRNOG00000003611	Dynlt3	X
ENSRNOG00000003613	Mid1	X
ENSRNOG00000003622	Cybb	X
ENSRNOG00000003643	Tab3	X
ENSRNOG00000003674	Pir	X
ENSRNOG00000003686	Tbl1xr1	X
ENSRNOG00000003688	4933400A11Rik	X
ENSRNOG00000003689	Nono	X
ENSRNOG00000003705	Bmx	X
ENSRNOG00000003707	Zmym3	X
ENSRNOG00000003713	Pbsn	X
ENSRNOG00000003715	Srpx2	X
ENSRNOG00000003726	Scml2	X
ENSRNOG00000003734	Cxxc5l1	X
ENSRNOG00000003742	Cdkl5	X
ENSRNOG00000003748	Tasl	X
ENSRNOG00000003749	Xk	X
ENSRNOG00000003756	Lancl3	X
ENSRNOG00000003762	Smarca1	X
ENSRNOG00000003763	Prdx4	X
ENSRNOG00000003765	Nr0b1	X
ENSRNOG00000003782	Acot9	X
ENSRNOG00000003783	Fthl17a	X
ENSRNOG00000003786	Tspan6	X
ENSRNOG00000003792	Med14	X
ENSRNOG00000003809	Sat1	X
ENSRNOG00000003812	Nlgn3	X
ENSRNOG00000003836	Fam47a	X
ENSRNOG00000003848	Med12	X
ENSRNOG00000003858	Atp6ap2	X
ENSRNOG00000003860	Myl6bl1	X
ENSRNOG00000003875	Ocrl	X
ENSRNOG00000003883	Lpgat1l1	X
ENSRNOG00000003929	Pcdh19	X
ENSRNOG00000003949	AABR07037995.1	X
ENSRNOG00000003954	Cxhxorf65	X
ENSRNOG00000003956	Arhgap6	X
ENSRNOG00000003960	Cltrn	X
ENSRNOG00000003965	Amelx	X
ENSRNOG00000003984	Apln	X
ENSRNOG00000004009	Xpnpep2	X
ENSRNOG00000004016	Msl3	X
ENSRNOG00000004036	Snx12	X
ENSRNOG00000004118	Frmpd4	X
ENSRNOG00000004120	Rnf138l1	X
ENSRNOG00000004124	Grpr	X
ENSRNOG00000004133	Slc7a3	X
ENSRNOG00000004150	Slc9a7	X
ENSRNOG00000004160	Prps2	X
ENSRNOG00000004197	Asb12	X
ENSRNOG00000004222	S100g	X
ENSRNOG00000004249	Tlr7	X
ENSRNOG00000004257	Ctps2	X
ENSRNOG00000004265	Dipk2b	X
ENSRNOG00000004275	Egfl6	X
ENSRNOG00000004304	Syap1	X
ENSRNOG00000004319	Lamtor1	X
ENSRNOG00000004322	Sh3kbp1	X
ENSRNOG00000004330	Chrdl1	X
ENSRNOG00000004409	Sash3	X
ENSRNOG00000004574	Ofd1	X
ENSRNOG00000004581	Zdhhc9	X
ENSRNOG00000004613	Gpm6b	X
ENSRNOG00000004676	Pak3	X
ENSRNOG00000004776	Ftsj1	X
ENSRNOG00000004795	Pof1b	X
ENSRNOG00000004819	Porcn	X
ENSRNOG00000004869	Dach2	X
ENSRNOG00000004882	Capn6	X
ENSRNOG00000004903	Ebp	X
ENSRNOG00000004971	Txlng	X
ENSRNOG00000005012	Utp14a	X
ENSRNOG00000005076	Bcorl1	X
ENSRNOG00000005135	Bclaf3	X
ENSRNOG00000005157	Rbbp7	X
ENSRNOG00000005176	Map7d2	X
ENSRNOG00000005215	Klhl4	X
ENSRNOG00000005303	Tbc1d25	X
ENSRNOG00000005352	Elf4	X
ENSRNOG00000005387	Rbm3	X
ENSRNOG00000005402	AABR07040938.1	X
ENSRNOG00000005624	Zfx	X
ENSRNOG00000005639	Ar	X
ENSRNOG00000005681	Snu13l1	X
ENSRNOG00000005687	Slc6a14	X
ENSRNOG00000005736	Eif1ax	X
ENSRNOG00000005753	Alg13l1	X
ENSRNOG00000006067	Aifm1	X
ENSRNOG00000006515	Klhl15	X
ENSRNOG00000006632	Rps6ka3	X
ENSRNOG00000006642	Yipf6	X
ENSRNOG00000006670	Rai2	X
ENSRNOG00000006698	Rab33a	X
ENSRNOG00000006756	Maged1	X
ENSRNOG00000006797	Zfp280c	X
ENSRNOG00000006871	Slc25a14	X
ENSRNOG00000006877	Efnb1	X
ENSRNOG00000006899	Akap14	X
ENSRNOG00000006967	Xiap	X
ENSRNOG00000007014	Cnksr2	X
ENSRNOG00000007059	Atp1b4	X
ENSRNOG00000007315	Thoc2	X
ENSRNOG00000007345	Amot	X
ENSRNOG00000007371	Rbmx2	X
ENSRNOG00000007495	Smpx	X
ENSRNOG00000007552	Arhgap36	X
ENSRNOG00000007600	Igsf1	X
ENSRNOG00000007644	Yy2	X
ENSRNOG00000007682	Gria3	X
ENSRNOG00000007688	Sms	X
ENSRNOG00000007733	Arhgef9	X
ENSRNOG00000007766	Pqbp1	X
ENSRNOG00000007879	Stk26	X
ENSRNOG00000007949	Rgn	X
ENSRNOG00000007984	Amer1	X
ENSRNOG00000008177	Pim2	X
ENSRNOG00000008329	Ndufb11	X
ENSRNOG00000008472	Rbm10	X
ENSRNOG00000008578	Cdk16	X
ENSRNOG00000008764	Otud5	X
ENSRNOG00000008880	Nrk	X
ENSRNOG00000009071	Gripap1	X
ENSRNOG00000009605	Tfe3	X
ENSRNOG00000009609	Gtpbp4-ps2	X
ENSRNOG00000009646	Nyx	X
ENSRNOG00000009687	Ccdc120	X
ENSRNOG00000009746	Akap17b	X
ENSRNOG00000009749	Wdr45	X
ENSRNOG00000010092	Magix	X
ENSRNOG00000010171	Elk1	X
ENSRNOG00000010208	Timp1	X
ENSRNOG00000010348	Cacna1f	X
ENSRNOG00000010365	Syn1	X
ENSRNOG00000010838	Araf	X
ENSRNOG00000010846	Ccdc22	X
ENSRNOG00000011034	Tcp11x2	X
ENSRNOG00000011047	Tmem185a	X
ENSRNOG00000011081	Serpina7	X
ENSRNOG00000011096	Hmgb3l1	X
ENSRNOG00000011113	Pramex1	X
ENSRNOG00000011120	Radx	X
ENSRNOG00000011335	Gpr50	X
ENSRNOG00000011508	Zc3h12b	X
ENSRNOG00000011513	Gla	X
ENSRNOG00000011562	Slitrk2	X
ENSRNOG00000011661	Hnrnph2	X
ENSRNOG00000011702	Foxp3	X
ENSRNOG00000011729	Nxf2	X
ENSRNOG00000012294	Heph	X
ENSRNOG00000012513	Pdk3	X
ENSRNOG00000012560	Ctag2	X
ENSRNOG00000012564	Steep1	X
ENSRNOG00000012756	Slc25a43	X
ENSRNOG00000012786	Pgrmc1	X
ENSRNOG00000012787	Tmem164	X
ENSRNOG00000012995	Gpr165	X
ENSRNOG00000013018	Eda2r	X
ENSRNOG00000013092	Lonrf3	X
ENSRNOG00000013162	Zcchc12	X
ENSRNOG00000013170	Il13ra1	X
ENSRNOG00000013321	Dock11	X
ENSRNOG00000013322	Pola1	X
ENSRNOG00000013698	Tesl2	X
ENSRNOG00000014029	Klhl13	X
ENSRNOG00000016622	Ankra2l1	X
ENSRNOG00000018301	Hrasl1	X
ENSRNOG00000018923	AABR07041089.1	X
ENSRNOG00000018951	Col4a5	X
ENSRNOG00000019086	Gucy2f	X
ENSRNOG00000019164	Uba1	X
ENSRNOG00000019168	Nxt2	X
ENSRNOG00000019176	Kcne5	X
ENSRNOG00000019180	Acsl4	X
ENSRNOG00000020843	Ftl1	X
ENSRNOG00000021400	Magee2	X
ENSRNOG00000021434	Usp51	X
ENSRNOG00000021547	Pgr15l	X
ENSRNOG00000021589	Nexmif	X
ENSRNOG00000021694	Hsf3	X
ENSRNOG00000021748	Las1l	X
ENSRNOG00000021972	Obox2l2	X
ENSRNOG00000022166	Ammecr1	X
ENSRNOG00000022267	Pabpc1l2a	X
ENSRNOG00000022286	AABR07039316.1	X
ENSRNOG00000022391	Zfp711	X
ENSRNOG00000022411	2010106E10Rikl	X
ENSRNOG00000022417	Prickle3	X
ENSRNOG00000022476	Satl1	X
ENSRNOG00000022806	Mageb4	X
ENSRNOG00000022848	Mageb6b1	X
ENSRNOG00000022855	AABR07039112.1	X
ENSRNOG00000022939	Gpkow	X
ENSRNOG00000023005	LOC681325	X
ENSRNOG00000023016	Magea9	X
ENSRNOG00000023094	4933416E14Rikl	X
ENSRNOG00000023163	Mpc1l	X
ENSRNOG00000023187	Cxhxorf38	X
ENSRNOG00000023256	Nxf7	X
ENSRNOG00000023261	Ube2q2l	X
ENSRNOG00000023383	Ddx3x	X
ENSRNOG00000023440	Phex	X
ENSRNOG00000023458	Dcaf12l1	X
ENSRNOG00000023469	Pramel3	X
ENSRNOG00000023637	Tent5d	X
ENSRNOG00000023733	Rpl24l1	X
ENSRNOG00000024068	Fsip2l1	X
ENSRNOG00000024135	Zmat1	X
ENSRNOG00000024138	Dusp21	X
ENSRNOG00000024250	Wwc3	X
ENSRNOG00000024271	Samt4	X
ENSRNOG00000024322	Shroom2	X
ENSRNOG00000024350	Cldn34a	X
ENSRNOG00000024479	Klhl34	X
ENSRNOG00000024517	Gpr119	X
ENSRNOG00000024762	Frmd7	X
ENSRNOG00000024763	Eno1-ps6	X
ENSRNOG00000024801	Slc35a2	X
ENSRNOG00000025200	Cxhxorf49B	X
ENSRNOG00000025211	Cxhxorf49	X
ENSRNOG00000025290	Map3k15	X
ENSRNOG00000025383	Pdha1	X
ENSRNOG00000025428	Rp2	X
ENSRNOG00000025672	Tex11	X
ENSRNOG00000025705	Armcx2	X
ENSRNOG00000025730	Armcx3	X
ENSRNOG00000025811	Cfp	X
ENSRNOG00000025910	Hccs	X
ENSRNOG00000026152	AABR07040789.1	X
ENSRNOG00000026157	Pnpla4	X
ENSRNOG00000026231	Awat1	X
ENSRNOG00000026265	Magec2	X
ENSRNOG00000026267	Igbp1	X
ENSRNOG00000026315	Taf7l	X
ENSRNOG00000026351	Cldn34e	X
ENSRNOG00000026573	Ophn1	X
ENSRNOG00000026704	Drp2	X
ENSRNOG00000026712	Tex13a	X
ENSRNOG00000027233	Trpc5	X
ENSRNOG00000027331	Ppef1	X
ENSRNOG00000027520	Pls3	X
ENSRNOG00000027601	Lhfpl1	X
ENSRNOG00000027658	Gpr101	X
ENSRNOG00000027761	Htatsf1	X
ENSRNOG00000027767	Slc38a5	X
ENSRNOG00000027831	Map7d3	X
ENSRNOG00000027837	Kiaa1210	X
ENSRNOG00000027850	Ssx1	X
ENSRNOG00000027899	Ct55	X
ENSRNOG00000027907	3830403N18Rikl	X
ENSRNOG00000028011	Pabir3	X
ENSRNOG00000028033	LOC120099267	X
ENSRNOG00000028044	Rhox11	X
ENSRNOG00000028050	Rhox13	X
ENSRNOG00000028085	Tmem255a	X
ENSRNOG00000028189	6030498E09Rikl	X
ENSRNOG00000028202	LOC120099282	X
ENSRNOG00000028585	Tceal8	X
ENSRNOG00000028751	Nxf3	X
ENSRNOG00000028822	Bex3	X
ENSRNOG00000028847	AABR07040251.1	X
ENSRNOG00000028899	Zbtb33	X
ENSRNOG00000028993	LOC102555453	X
ENSRNOG00000029010	Samt3	X
ENSRNOG00000029038	Gemin8	X
ENSRNOG00000029068	Wdr44	X
ENSRNOG00000029078	Hmgn5	X
ENSRNOG00000029087	Nap1l3	X
ENSRNOG00000029090	LOC100359656	X
ENSRNOG00000029106	Usp26	X
ENSRNOG00000029158	Cldn34b4	X
ENSRNOG00000029322	Or5bh3	X
ENSRNOG00000029330	Car5b	X
ENSRNOG00000029408	Mageb16	X
ENSRNOG00000029497	AABR07039736.1	X
ENSRNOG00000029512	Rps26l5	X
ENSRNOG00000029559	AABR07038788.1	X
ENSRNOG00000029582	Lrch2	X
ENSRNOG00000029663	Il1rapl1	X
ENSRNOG00000029736	H2ab3	X
ENSRNOG00000029778	Maob	X
ENSRNOG00000029788	Zfp36l3	X
ENSRNOG00000029850	Tgif2lx2	X
ENSRNOG00000029885	Stag2	X
ENSRNOG00000029926	Rpl31l9	X
ENSRNOG00000029935		X
ENSRNOG00000030048	Cfap47	X
ENSRNOG00000030118	Msn	X
ENSRNOG00000030119	Cnga2	X
ENSRNOG00000030228	Hspa8-ps23	X
ENSRNOG00000030346	Rpl32l2	X
ENSRNOG00000030417	Btbd35f28	X
ENSRNOG00000030418	Tmem47	X
ENSRNOG00000030434	Rs1	X
ENSRNOG00000030443	Rab9a	X
ENSRNOG00000030475	Pwwp3b	X
ENSRNOG00000030519	Sh3bgrl4	X
ENSRNOG00000030622	Enox2	X
ENSRNOG00000030645	AABR07041247.1	X
ENSRNOG00000030722	Or5o1	X
ENSRNOG00000030759	Nhs	X
ENSRNOG00000030819	AABR07036974.1	X
ENSRNOG00000030877	Htr2c	X
ENSRNOG00000030880	Hs6st2	X
ENSRNOG00000031058	Was	X
ENSRNOG00000031222	Magec2l1	X
ENSRNOG00000031286	Spin2a	X
ENSRNOG00000031294	Hdlbpl2	X
ENSRNOG00000031367	Hprt1	X
ENSRNOG00000031517	AABR07039133.2	X
ENSRNOG00000031533	Dcaf12l2	X
ENSRNOG00000031534	Rhox8	X
ENSRNOG00000031638	Rtl4	X
ENSRNOG00000031665	Ace2	X
ENSRNOG00000031719	Ppp4r3cl2	X
ENSRNOG00000031956	Cldn34c4	X
ENSRNOG00000032038	Chchd4l1	X
ENSRNOG00000032208	Eda	X
ENSRNOG00000032390	Btg1c	X
ENSRNOG00000032418	Ell2l1	X
ENSRNOG00000032472	Adgrg2	X
ENSRNOG00000032487	Sts	X
ENSRNOG00000032629	Magea14	X
ENSRNOG00000032729	Bex2	X
ENSRNOG00000032739	Da2-19	X
ENSRNOG00000032807	LOC100359505	X
ENSRNOG00000032970	Gpr174	X
ENSRNOG00000032973	Il13ra2	X
ENSRNOG00000033176	Zrsr2	X
ENSRNOG00000033316	Foxo4	X
ENSRNOG00000033335	Cenpi	X
ENSRNOG00000033345	Gabarapl4	X
ENSRNOG00000033413	Or11q2	X
ENSRNOG00000033458	Pcgf6l1	X
ENSRNOG00000033484	AABR07039377.1	X
ENSRNOG00000033628	Tesl	X
ENSRNOG00000033844	LOC100912195	X
ENSRNOG00000033883	Stard8	X
ENSRNOG00000034116	Gk	X
ENSRNOG00000034150	AABR07041778.1	X
ENSRNOG00000034182	Ndufb4l4	X
ENSRNOG00000034183	Dmtf1l2	X
ENSRNOG00000034198	Tceal9	X
ENSRNOG00000034240	Bcor	X
ENSRNOG00000035464	Mirlet7f2	X
ENSRNOG00000035505	Mir223	X
ENSRNOG00000035581	Mir222	X
ENSRNOG00000035631	Mir221	X
ENSRNOG00000035635	Mir448	X
ENSRNOG00000035652	Mir188	X
ENSRNOG00000035656	Mir98	X
ENSRNOG00000036245	Mir532	X
ENSRNOG00000036262	Mir500	X
ENSRNOG00000036268	Mir362	X
ENSRNOG00000036269	Mir3589	X
ENSRNOG00000037172	LOC120098629	X
ENSRNOG00000037399	Cxhxorf66	X
ENSRNOG00000037455	Fam9b	X
ENSRNOG00000037506	Or11n2	X
ENSRNOG00000037610	Trap1a	X
ENSRNOG00000037611	LOC102551064	X
ENSRNOG00000037645	Tceal7	X
ENSRNOG00000037658	Gprasp2	X
ENSRNOG00000037661	Tmsb15b2	X
ENSRNOG00000037684	Pramex2	X
ENSRNOG00000037707	Armcx6	X
ENSRNOG00000037711		X
ENSRNOG00000037770	AABR07039936.1	X
ENSRNOG00000037799	Hdx	X
ENSRNOG00000037827	Wasfl	X
ENSRNOG00000037838	P2ry10b	X
ENSRNOG00000037839	P2ry10	X
ENSRNOG00000037845	Cysltr1	X
ENSRNOG00000037911		X
ENSRNOG00000037919	Chic1	X
ENSRNOG00000037951	Nhsl2	X
ENSRNOG00000038035	Kif4a	X
ENSRNOG00000038046	Dgat2l6	X
ENSRNOG00000038066	Nalf2	X
ENSRNOG00000038132	Vsig4	X
ENSRNOG00000038230	Mageb18	X
ENSRNOG00000038257	Cenpwl1	X
ENSRNOG00000038267	Mageb1	X
ENSRNOG00000038269	Mageb3	X
ENSRNOG00000038299		X
ENSRNOG00000038369	AABR07038477.1	X
ENSRNOG00000038686	Ap1s2	X
ENSRNOG00000038965	Cxh3orf38	X
ENSRNOG00000038970	Fgd1	X
ENSRNOG00000039203	Rps9l1	X
ENSRNOG00000039305	Ezhip	X
ENSRNOG00000039323	Dgkk	X
ENSRNOG00000039496	Plp2	X
ENSRNOG00000039544	Kcnd1	X
ENSRNOG00000039571	Glod5	X
ENSRNOG00000039576	Suv39h1	X
ENSRNOG00000039587	Wdr13	X
ENSRNOG00000039615	LOC102552474	X
ENSRNOG00000039759	Gpr34	X
ENSRNOG00000039762	Gpr82	X
ENSRNOG00000039837	Jade3	X
ENSRNOG00000039980	Slc25a5	X
ENSRNOG00000039985	Ube2a	X
ENSRNOG00000039994	Upf3b	X
ENSRNOG00000040008	Rhoxl	X
ENSRNOG00000040013	Rhoxf2b	X
ENSRNOG00000040026	Rhox10	X
ENSRNOG00000040033	Rhox12	X
ENSRNOG00000040427	Mir764	X
ENSRNOG00000040458	Mir652	X
ENSRNOG00000041538	Mir1298	X
ENSRNOG00000042276	Trappc2	X
ENSRNOG00000042470	Eras	X
ENSRNOG00000042530	Supt20hl1	X
ENSRNOG00000042687	Otud6a	X
ENSRNOG00000042751	Mageb7	X
ENSRNOG00000042753	Fgf13	X
ENSRNOG00000042779	1700040F17Rikl	X
ENSRNOG00000043128	Armcx4	X
ENSRNOG00000043182	Septin6	X
ENSRNOG00000043306	Nxf5	X
ENSRNOG00000043348	Rpl39	X
ENSRNOG00000043402	Cldn34d	X
ENSRNOG00000043487	Hapstr2	X
ENSRNOG00000043508	Magebl1	X
ENSRNOG00000045577	LOC120099530	X
ENSRNOG00000045622	Spaca5	X
ENSRNOG00000045695	Rlim	X
ENSRNOG00000045779	Rtl5	X
ENSRNOG00000045953	Tex13c	X
ENSRNOG00000045992	Tlr8	X
ENSRNOG00000046021	Pcsk1n	X
ENSRNOG00000046053	LOC134484128	X
ENSRNOG00000046097	AABR07042071.1	X
ENSRNOG00000046280	Tceal5	X
ENSRNOG00000046366	Dmd	X
ENSRNOG00000046390	Tceal6	X
ENSRNOG00000046469	Zfp300	X
ENSRNOG00000046484	Ccdc160	X
ENSRNOG00000046662	Ints6l	X
ENSRNOG00000046702	Ssxbl1	X
ENSRNOG00000046748	Mir1912	X
ENSRNOG00000046790	AABR07040887.1	X
ENSRNOG00000046832	AABR07039307.1	X
ENSRNOG00000046862	Armcx1	X
ENSRNOG00000046918	Apoo	X
ENSRNOG00000047100	Btg1b	X
ENSRNOG00000047132	Zfp182	X
ENSRNOG00000047339	Pja1	X
ENSRNOG00000047491	AABR07037520.1	X
ENSRNOG00000047663	Gata1	X
ENSRNOG00000047712	Dcx	X
ENSRNOG00000047872	AABR07042385.1	X
ENSRNOG00000047931	Tmsb4x	X
ENSRNOG00000047960	Rab9b	X
ENSRNOG00000048011	AABR07040695.1	X
ENSRNOG00000048025	Cstf2	X
ENSRNOG00000048059	Ct45a9	X
ENSRNOG00000048066	Supt20hl2	X
ENSRNOG00000048143	Mir3573	X
ENSRNOG00000048202	AABR07038553.1	X
ENSRNOG00000048213	AABR07039304.1	X
ENSRNOG00000048295	AABR07039229.2	X
ENSRNOG00000048356	Pum3l1	X
ENSRNOG00000048606	Vma21	X
ENSRNOG00000048706	Nox1	X
ENSRNOG00000048738	Hdac6	X
ENSRNOG00000048817	Gspt2	X
ENSRNOG00000048925	Srsf8	X
ENSRNOG00000048990	Ddx21-ps1	X
ENSRNOG00000049020	Tceal3	X
ENSRNOG00000049388	Prr32	X
ENSRNOG00000049392	Sowahd	X
ENSRNOG00000049427	Ssx2	X
ENSRNOG00000049579	Spanxn4l	X
ENSRNOG00000049853	Rtl9	X
ENSRNOG00000049908	Vcf2	X
ENSRNOG00000049985	Gprasp1	X
ENSRNOG00000050006	Agtr2	X
ENSRNOG00000050041	Mageb11	X
ENSRNOG00000050051	Pin4	X
ENSRNOG00000050177	Xlr5c	X
ENSRNOG00000050178	LOC134484068	X
ENSRNOG00000050457	Rhox9l1	X
ENSRNOG00000050465	Ube2w	X
ENSRNOG00000050508	Mir3552	X
ENSRNOG00000050510	Rab1b	X
ENSRNOG00000050562	Zfp449	X
ENSRNOG00000050915	LOC120099181	X
ENSRNOG00000050960	AABR07040864.1	X
ENSRNOG00000051216	LOC120099372	X
ENSRNOG00000051223	AABR07038703.1	X
ENSRNOG00000051281	Mageb6l1	X
ENSRNOG00000051287	Ppp4r3cl3	X
ENSRNOG00000051310	Rps26l6	X
ENSRNOG00000051341	AABR07038849.1	X
ENSRNOG00000051360	Sycp3l2	X
ENSRNOG00000051365	Cxhxorf58	X
ENSRNOG00000051408	Magt1	X
ENSRNOG00000051438	Tex28	X
ENSRNOG00000051529	Opn1mw	X
ENSRNOG00000051544	LOC120099460	X
ENSRNOG00000051644	LOC120099468	X
ENSRNOG00000051669	Psmd10	X
ENSRNOG00000051704	Zfp185	X
ENSRNOG00000051726	AABR07042418.1	X
ENSRNOG00000051769	LOC120099506	X
ENSRNOG00000051820	LOC120099510	X
ENSRNOG00000051836	Zfp92	X
ENSRNOG00000051885	Eef1a1l1	X
ENSRNOG00000051948	Hcfc1	X
ENSRNOG00000052001	LOC120099559	X
ENSRNOG00000052022	Pnma3	X
ENSRNOG00000052095	LOC120099448	X
ENSRNOG00000052123	U1	X
ENSRNOG00000052132	LOC120099421	X
ENSRNOG00000052165	LOC120099423	X
ENSRNOG00000052181	Or1aa2	X
ENSRNOG00000052235	LOC120099618	Y
ENSRNOG00000052383	Rhox9	X
ENSRNOG00000052401	LOC120099414	X
ENSRNOG00000052407	Btk	X
ENSRNOG00000052572	Aff2	X
ENSRNOG00000052626	LOC120099398	X
ENSRNOG00000052635	LOC120099439	X
ENSRNOG00000052694	Scml1	X
ENSRNOG00000052721	Kdm6a	X
ENSRNOG00000052762	LOC120099560	X
ENSRNOG00000052773	Magea10	X
ENSRNOG00000053023	Tafazzin	X
ENSRNOG00000053042	Zfy1	Y
ENSRNOG00000053061	Ubl4a	X
ENSRNOG00000053094	LOC120099457	X
ENSRNOG00000053104	LOC120099402	X
ENSRNOG00000053117	LOC120099504	X
ENSRNOG00000053153	LOC120099397	X
ENSRNOG00000053172	Ssr4	X
ENSRNOG00000053191	LOC120099486	X
ENSRNOG00000053235	LOC120099424	X
ENSRNOG00000053261	LOC120099461	X
ENSRNOG00000053351	Rhox3	X
ENSRNOG00000053397	Fmr1nb	X
ENSRNOG00000053402	Gabrq	X
ENSRNOG00000053562	Arx	X
ENSRNOG00000053584	LOC120099505	X
ENSRNOG00000053601	Isg20l3	X
ENSRNOG00000053780	Tmsb15a	X
ENSRNOG00000053806	RNaseP_nuc	X
ENSRNOG00000053813	Nkap	X
ENSRNOG00000053885	LOC120099437	X
ENSRNOG00000053894	LOC120099550	X
ENSRNOG00000054002	AABR07025152.1	Y
ENSRNOG00000054011	Tbc1d8b	X
ENSRNOG00000054219	Vsig1	X
ENSRNOG00000054339	LOC120099441	X
ENSRNOG00000054352	Atp6ap1	X
ENSRNOG00000054382	RNaseP_nuc	X
ENSRNOG00000054495	Cldn2	X
ENSRNOG00000054548	Srpk3	X
ENSRNOG00000054559	Snord61	X
ENSRNOG00000054644	LOC120099455	X
ENSRNOG00000054648	Tspy1	Y
ENSRNOG00000054689	Cox7b	X
ENSRNOG00000054765	Renbp	X
ENSRNOG00000054805	LOC120099404	X
ENSRNOG00000054868	LOC120099465	X
ENSRNOG00000054890	Flna	X
ENSRNOG00000054900	Dnaaf6	X
ENSRNOG00000055009	LOC120099429	X
ENSRNOG00000055185	Dusp9	X
ENSRNOG00000055202	LOC120099392	X
ENSRNOG00000055256	LOC120099513	X
ENSRNOG00000055265	LOC120099419	X
ENSRNOG00000055269	LOC120099422	X
ENSRNOG00000055282	LOC120099619	Y
ENSRNOG00000055454	Arl13a	X
ENSRNOG00000055485		X
ENSRNOG00000055514	LOC120099512	X
ENSRNOG00000055557	Tktl1	X
ENSRNOG00000055562	Dkc1	Y
ENSRNOG00000055572	Idh3g	X
ENSRNOG00000055641	Dnase1l1	X
ENSRNOG00000055648	Haus7	X
ENSRNOG00000055721	Rnf128	X
ENSRNOG00000055756	Bcap31	X
ENSRNOG00000055812	LOC120099431	X
ENSRNOG00000055822	Xlr4a	X
ENSRNOG00000055939	Zcchc18	X
ENSRNOG00000055960	LOC120099436	X
ENSRNOG00000055962	Bgn	X
ENSRNOG00000056006	LOC120099507	X
ENSRNOG00000056042	LOC120099451	X
ENSRNOG00000056084	LOC120099525	X
ENSRNOG00000056101	LOC120099432	X
ENSRNOG00000056135	Tsc22d3	X
ENSRNOG00000056159	LOC120099493	X
ENSRNOG00000056174	Pdzd4	X
ENSRNOG00000056300	LOC120099494	X
ENSRNOG00000056326	LOC120099426	X
ENSRNOG00000056465	LOC120099453	X
ENSRNOG00000056492	LOC120099490	X
ENSRNOG00000056524	Abcd1	X
ENSRNOG00000056547	LOC120099502	X
ENSRNOG00000056558	Gabra3	X
ENSRNOG00000056593	LOC120099545	X
ENSRNOG00000056635	U1	X
ENSRNOG00000056659	Mecp2	X
ENSRNOG00000056703	Atrx	X
ENSRNOG00000056728	G6pd	X
ENSRNOG00000056735	Zc4h2	X
ENSRNOG00000056740	Cylc1	X
ENSRNOG00000056765	Rpl10	X
ENSRNOG00000056772	Col4a6	X
ENSRNOG00000056845	Ct47b1	X
ENSRNOG00000056858	LOC120099411	X
ENSRNOG00000056870	Gdi1	X
ENSRNOG00000056905	U1	X
ENSRNOG00000056924	LOC120099497	X
ENSRNOG00000056983	Trex2	X
ENSRNOG00000057091	Got2-ps6	X
ENSRNOG00000057147	Praf2	X
ENSRNOG00000057231	Ddx3y	Y
ENSRNOG00000057374	LOC120099430	X
ENSRNOG00000057375	Snora57	X
ENSRNOG00000057464	Fmr1	X
ENSRNOG00000057469	LOC134484021	X
ENSRNOG00000057593	LOC120099487	X
ENSRNOG00000057599	Snora35	X
ENSRNOG00000057620	Slc6a8	X
ENSRNOG00000057622	Rbm41	X
ENSRNOG00000057644	Gmcl1-ps1	X
ENSRNOG00000057692	Tesl1	X
ENSRNOG00000057706	Kdm5c	X
ENSRNOG00000057745	Snora35b	X
ENSRNOG00000057753	Nup62cl	X
ENSRNOG00000057784	LOC120099503	X
ENSRNOG00000057785	LOC120099416	X
ENSRNOG00000057814	Nsdhl	X
ENSRNOG00000057825	LOC120099433	X
ENSRNOG00000057826	Diaph2	X
ENSRNOG00000057906	LOC120099466	X
ENSRNOG00000057907	LOC120099511	X
ENSRNOG00000058089	Etdc	X
ENSRNOG00000058173	Sox3	X
ENSRNOG00000058249	Pgk1	X
ENSRNOG00000058253	LOC120099425	X
ENSRNOG00000058317	Pnck	X
ENSRNOG00000058333	Rhox4g	X
ENSRNOG00000058336	LOC120099428	X
ENSRNOG00000058350	LOC120099413	X
ENSRNOG00000058423	Pnma5	X
ENSRNOG00000058439	Fam50a	X
ENSRNOG00000058540	LOC120099440	X
ENSRNOG00000058545	Arhgap4	X
ENSRNOG00000058664	Usp9y	Y
ENSRNOG00000058703	LOC120099520	X
ENSRNOG00000058743	LOC120099471	X
ENSRNOG00000058792	LOC120099518	X
ENSRNOG00000058882	Emd	X
ENSRNOG00000058904	Tex13b	X
ENSRNOG00000058942	LOC120099467	X
ENSRNOG00000058952	AABR07037896.1	X
ENSRNOG00000058963	LOC120099456	X
ENSRNOG00000058975	Iqsec2	X
ENSRNOG00000059000	LOC120099442	X
ENSRNOG00000059086	LOC120099464	X
ENSRNOG00000059230	LOC120099405	X
ENSRNOG00000059253	LOC120099519	X
ENSRNOG00000059358	LOC120093051	X
ENSRNOG00000059593	Cetn2	X
ENSRNOG00000059641	RGD1564480	X
ENSRNOG00000059655	Ruvbl1-ps1	X
ENSRNOG00000059697	LOC102557137	X
ENSRNOG00000059720	Syp	X
ENSRNOG00000059783	LOC102546830	X
ENSRNOG00000059814	LOC120099445	X
ENSRNOG00000059862	Avpr2	X
ENSRNOG00000059999	LOC120099458	X
ENSRNOG00000060048	Eif2s3y	Y
ENSRNOG00000060063	Naa10	X
ENSRNOG00000060086	LOC120099529	X
ENSRNOG00000060096	LOC120099408	X
ENSRNOG00000060137	AABR07037489.1	X
ENSRNOG00000060168	Prkx	X
ENSRNOG00000060179	Gpc3	X
ENSRNOG00000060262	Prps1	X
ENSRNOG00000060374	Metazoa_SRP	X
ENSRNOG00000060421	AABR07042326.2	X
ENSRNOG00000060437	LOC103694537	Y
ENSRNOG00000060462	Cxhxorf49l1	X
ENSRNOG00000060464	Plxna3	X
ENSRNOG00000060486	Ptges3l1	X
ENSRNOG00000060496	Kdm5d	Y
ENSRNOG00000060542	Mid2	X
ENSRNOG00000060546	LOC120099459	X
ENSRNOG00000060580	Slc10a3	X
ENSRNOG00000060617	Uty	Y
ENSRNOG00000060623	Fam3a	X
ENSRNOG00000060642	LOC120099452	X
ENSRNOG00000060712	LOC120099515	X
ENSRNOG00000060754	LOC120099484	X
ENSRNOG00000060763	LOC120099496	X
ENSRNOG00000060793	Eif2s3	X
ENSRNOG00000060839	Ctag2l1	X
ENSRNOG00000060846	Morc4	X
ENSRNOG00000060856	LOC120099500	X
ENSRNOG00000060869	Irak1	X
ENSRNOG00000060885	LOC120099526	X
ENSRNOG00000060936	Ikbkg	X
ENSRNOG00000060946	Cask	X
ENSRNOG00000060963	Rbmy1j	Y
ENSRNOG00000060970	Tnmd	X
ENSRNOG00000060982	LOC120099454	X
ENSRNOG00000061073	Zfp275	X
ENSRNOG00000061101	Ripply1	X
ENSRNOG00000061102	Taf9b	X
ENSRNOG00000061112	Mir676	X
ENSRNOG00000061126	LOC120099463	X
ENSRNOG00000061151	AABR07013654.1	X
ENSRNOG00000061182	Gabre	X
ENSRNOG00000061191	LOC120099527	X
ENSRNOG00000061195	LOC120099449	X
ENSRNOG00000061196	LOC120099420	X
ENSRNOG00000061230	L1cam	X
ENSRNOG00000061252	LOC120099412	X
ENSRNOG00000061257	LOC120099521	X
ENSRNOG00000061262	Huwe1	X
ENSRNOG00000061304	Atp2b3	X
ENSRNOG00000061367	Atp7a	X
ENSRNOG00000061385	LOC120099427	X
ENSRNOG00000061403	Tlr13	X
ENSRNOG00000061428	Pasd1	X
ENSRNOG00000061441	Rpl28l2	X
ENSRNOG00000061508	Reps2	X
ENSRNOG00000061511	Ctag2l2	X
ENSRNOG00000061530	Fgf16	X
ENSRNOG00000061586	LOC120099462	X
ENSRNOG00000061620	Sec61g-ps4	X
ENSRNOG00000061686	LOC120099443	X
ENSRNOG00000061731	Plxnb3	X
ENSRNOG00000061782	Tspyl2	X
ENSRNOG00000061787	LOC120099501	X
ENSRNOG00000061894	LOC120099508	X
ENSRNOG00000061989	Nkrf	X
ENSRNOG00000062115	AC242953.1	Y
ENSRNOG00000062169	AC242615.2	Y
ENSRNOG00000062221	Il1rapl2	X
ENSRNOG00000062231	Fam120c	X
ENSRNOG00000062241	Cpsf4-ps1	X
ENSRNOG00000062315	Fam9cl1	X
ENSRNOG00000062323	LOC120099533	X
ENSRNOG00000062343	LOC120099536	X
ENSRNOG00000062346	Rita1l1	X
ENSRNOG00000062360	Spin2b	X
ENSRNOG00000062420	Magea10-ps3	X
ENSRNOG00000062421	RragB	X
ENSRNOG00000062454	Tenm1	X
ENSRNOG00000062466	Rtl8a	X
ENSRNOG00000062498	LOC120099406	X
ENSRNOG00000062599		X
ENSRNOG00000062658	LOC120099544	X
ENSRNOG00000062783	Slitrk4	X
ENSRNOG00000062806	Bex4	X
ENSRNOG00000062822	LOC120099410	X
ENSRNOG00000062844	LOC100911253	X
ENSRNOG00000062879		X
ENSRNOG00000062963		X
ENSRNOG00000063107	LOC120099482	X
ENSRNOG00000063213	Gjb1	X
ENSRNOG00000063220	Y_RNA	X
ENSRNOG00000063254	Eola2	X
ENSRNOG00000063275	Uprt	X
ENSRNOG00000063278	Rpl10al2	X
ENSRNOG00000063283	Rhox7	X
ENSRNOG00000063359		X
ENSRNOG00000063412		X
ENSRNOG00000063434	U1	X
ENSRNOG00000063631		X
ENSRNOG00000063637	RNaseP_nuc	X
ENSRNOG00000063647		X
ENSRNOG00000063664	Timm17b	X
ENSRNOG00000063684		X
ENSRNOG00000063723		X
ENSRNOG00000063746	LOC120099417	X
ENSRNOG00000063786	LOC120099535	X
ENSRNOG00000063806		X
ENSRNOG00000063906	LOC120099617	Y
ENSRNOG00000063926	LOC120099483	X
ENSRNOG00000064015	LOC102547042	X
ENSRNOG00000064026		X
ENSRNOG00000064035		X
ENSRNOG00000064051		X
ENSRNOG00000064060		X
ENSRNOG00000064119	Timm8a1	X
ENSRNOG00000064310		X
ENSRNOG00000064361		Y
ENSRNOG00000064383	Trpc5os	X
ENSRNOG00000064388	LOC120099475	X
ENSRNOG00000064535	Usp12l1	X
ENSRNOG00000064543	LOC120099479	X
ENSRNOG00000064693	LOC100911047	X
ENSRNOG00000064782		X
ENSRNOG00000064823	LOC120099391	X
ENSRNOG00000064868		X
ENSRNOG00000064917	Tsr2	X
ENSRNOG00000065059		X
ENSRNOG00000065140	LOC120099400	X
ENSRNOG00000065170	LOC120099540	X
ENSRNOG00000065192	LOC120099418	X
ENSRNOG00000065209	Tusc2l1	X
ENSRNOG00000065224	LOC120099546	X
ENSRNOG00000065297	Ube2d4l1	X
ENSRNOG00000065371	LOC120099528	X
ENSRNOG00000065426	LOC120099543	X
ENSRNOG00000065456	LOC120099434	X
ENSRNOG00000065461	LOC103694587	X
ENSRNOG00000065488		X
ENSRNOG00000065493		X
ENSRNOG00000065503	Cldn34b	X
ENSRNOG00000065509	Frmpd3	X
ENSRNOG00000065575	LOC120099474	X
ENSRNOG00000065591	Snrpg-ps8	X
ENSRNOG00000065651	LOC120099514	X
ENSRNOG00000065758	Alg13l1	X
ENSRNOG00000065877	Mt1	X
ENSRNOG00000065883	Mmgt1	X
ENSRNOG00000065911	LOC120099532	X
ENSRNOG00000065918	Tceanc	X
ENSRNOG00000065924	LOC103690796	X
ENSRNOG00000066017	LOC120099477	X
ENSRNOG00000066048	Rfk-ps1	X
ENSRNOG00000066099		X
ENSRNOG00000066176	Prrg3	X
ENSRNOG00000066206	LOC120099509	X
ENSRNOG00000066239	Mospd1	X
ENSRNOG00000066262		X
ENSRNOG00000066266	LOC120099616	Y
ENSRNOG00000066309		X
ENSRNOG00000066338	LOC120099473	X
ENSRNOG00000066471	Znf81	X
ENSRNOG00000066548	Rnf113a1	X
ENSRNOG00000066658	LOC120099343	X
ENSRNOG00000066670		X
ENSRNOG00000066728		X
ENSRNOG00000066768		X
ENSRNOG00000066828	LOC102551431	X
ENSRNOG00000066849	RGD1564748	X
ENSRNOG00000066859	Smptb	X
ENSRNOG00000066885	Btbd35f9	X
ENSRNOG00000066963	Ctag2l2	X
ENSRNOG00000067039	Rhoa-ps1	X
ENSRNOG00000067047		X
ENSRNOG00000067072	Hmgb1l2	X
ENSRNOG00000067105		X
ENSRNOG00000067113	Hmgb4l2	X
ENSRNOG00000067365	Asb9	X
ENSRNOG00000067513		X
ENSRNOG00000067534	LOC120099438	X
ENSRNOG00000067646		X
ENSRNOG00000067650	Tex16	X
ENSRNOG00000067672	LOC120099531	X
ENSRNOG00000067676	LOC134486234	Y
ENSRNOG00000068061	LOC120099537	X
ENSRNOG00000068104	LOC100911047	X
ENSRNOG00000068201	Spin2bl1	X
ENSRNOG00000068306	Hmgb1-ps34	X
ENSRNOG00000068320	LOC120099542	X
ENSRNOG00000068390	LOC120099476	X
ENSRNOG00000068414		Y
ENSRNOG00000068620	Tex13c3	X
ENSRNOG00000068684		X
ENSRNOG00000068726	Pramel	X
ENSRNOG00000068767	Ppp1r3f	X
ENSRNOG00000068777	Pwwp4	X
ENSRNOG00000068778	LOC120099541	X
ENSRNOG00000068840	LOC120099547	X
ENSRNOG00000068889	LOC120099534	X
ENSRNOG00000069052		Y
ENSRNOG00000069062	Fam236d	X
ENSRNOG00000069107	Luzp4	X
ENSRNOG00000069164	LOC120099539	X
ENSRNOG00000069211	Itih6	X
ENSRNOG00000069252	Ptchd1	X
ENSRNOG00000069253	Fam9c	X
ENSRNOG00000069303	Sh3bgrl1	X
ENSRNOG00000069323	LOC120099144	X
ENSRNOG00000069345	LOC120099548	X
ENSRNOG00000069353	C1galt1c1	X
ENSRNOG00000069354	LOC120099478	X
ENSRNOG00000069375	Kctd12b	X
ENSRNOG00000069556	LOC120099250	X
ENSRNOG00000069564	Sertm2	X
ENSRNOG00000069568	M6pr-ps1	X
ENSRNOG00000069646	LOC134484257	Y
ENSRNOG00000069692	LOC120099313	X
ENSRNOG00000069699	Slc25a53	X
ENSRNOG00000069713		X
ENSRNOG00000069728	LOC120099435	X
ENSRNOG00000069780		Y
ENSRNOG00000069840	Pcdh11x	X
ENSRNOG00000069859	LOC120099558	X
ENSRNOG00000069980	LOC120099538	X
ENSRNOG00000070042		X
ENSRNOG00000070148		X
ENSRNOG00000070236		X
ENSRNOG00000070269		X
ENSRNOG00000070277	LOC108349241	X
ENSRNOG00000070283		X
ENSRNOG00000070348	LOC120099444	X
ENSRNOG00000070467	Pnma6e	X
ENSRNOG00000070469	Hmgb4l6	X
ENSRNOG00000070581	LOC120099549	X
ENSRNOG00000070635		X
ENSRNOG00000070753	LOC120099287	X
ENSRNOG00000070777	P2ry4	X
ENSRNOG00000070960	LOC120099523	X
ENSRNOG00000070967		X
ENSRNOG00000071039	Samt2l3	X
ENSRNOG00000071055	LOC120099481	X
ENSRNOG00000071099		X
ENSRNOG00000071107	Cldn34b3	X
ENSRNOG00000071176	Ndufa1	X
ENSRNOG00000071186	Ct55l2	X
ENSRNOG00000071240		X
ENSRNOG00000071414		X
ENSRNOG00000071439		X
ENSRNOG00000071440		X
ENSRNOG00000071460		X
ENSRNOG00000071480		X
ENSRNOG00000071488		X
ENSRNOG00000071493		Y
ENSRNOG00000071507		X
ENSRNOG00000071554		X
ENSRNOG00000071567		X
ENSRNOG00000071617		X
ENSRNOG00000071630	U6	X
ENSRNOG00000071654		X
ENSRNOG00000071698	U6	X
ENSRNOG00000071729		X
ENSRNOG00000071758		X
ENSRNOG00000071810	U2	X
ENSRNOG00000071926		X
ENSRNOG00000071928		X
ENSRNOG00000071939		X
ENSRNOG00000071941		X
ENSRNOG00000071958		Y
ENSRNOG00000071964		Y
ENSRNOG00000072022		X
ENSRNOG00000072090	Sry3	Y
ENSRNOG00000072107		X
ENSRNOG00000072114		X
ENSRNOG00000072118		X
ENSRNOG00000072230		Y
ENSRNOG00000072252		X
ENSRNOG00000072253		Y
ENSRNOG00000072397		X
ENSRNOG00000072404		X
ENSRNOG00000072452		X
ENSRNOG00000072458		X
ENSRNOG00000072522		Y
ENSRNOG00000072561		X
ENSRNOG00000072572		Y
ENSRNOG00000072591		X
ENSRNOG00000072611		X
ENSRNOG00000072621		X
ENSRNOG00000072662		Y
ENSRNOG00000072683		Y
ENSRNOG00000072719		Y
ENSRNOG00000072732		X
ENSRNOG00000072744		Y
ENSRNOG00000072780		X
ENSRNOG00000072816		X
ENSRNOG00000072822		X
ENSRNOG00000072894		Y
ENSRNOG00000073005		X
ENSRNOG00000073023		X
ENSRNOG00000073032		X
ENSRNOG00000073076		X
ENSRNOG00000073098		X
ENSRNOG00000073162		X
ENSRNOG00000073163		X
ENSRNOG00000073164		X
ENSRNOG00000073170		X
ENSRNOG00000073229		X
ENSRNOG00000073230		X
ENSRNOG00000073240		Y
ENSRNOG00000073275	U6	Y
ENSRNOG00000073289		X
ENSRNOG00000073307		Y
ENSRNOG00000073355		Y
ENSRNOG00000073377		X
ENSRNOG00000073388		Y
ENSRNOG00000073405		X
ENSRNOG00000073406		X
ENSRNOG00000073445		Y
ENSRNOG00000073484		X
ENSRNOG00000073506		X
ENSRNOG00000073520		Y
ENSRNOG00000073522		X
ENSRNOG00000073538		X
ENSRNOG00000073580		X
ENSRNOG00000073590		X
ENSRNOG00000073601		X
ENSRNOG00000073627		X
ENSRNOG00000073670		X
ENSRNOG00000073717		X
ENSRNOG00000073718		Y
ENSRNOG00000073748		Y
ENSRNOG00000073770		X
ENSRNOG00000073776	Rpl34l1	X
ENSRNOG00000073785		X
ENSRNOG00000073787	1700020N15Rikl	X
ENSRNOG00000073799		X
ENSRNOG00000073856		X
ENSRNOG00000073915		X
ENSRNOG00000073930		X
ENSRNOG00000073958		X
ENSRNOG00000073982		Y
ENSRNOG00000074002		X
ENSRNOG00000074068		X
ENSRNOG00000074114	Gm25795	X
ENSRNOG00000074168		X
ENSRNOG00000074216		X
ENSRNOG00000074238		X
ENSRNOG00000074246	U6	X
ENSRNOG00000074280		X
ENSRNOG00000074285		X
ENSRNOG00000074289		Y
ENSRNOG00000074344		X
ENSRNOG00000074411	Mageb5l1	X
ENSRNOG00000074431		X
ENSRNOG00000074547		X
ENSRNOG00000074567		X
ENSRNOG00000074583		X
ENSRNOG00000074587		X
ENSRNOG00000074601	U6	X
ENSRNOG00000074665		X
ENSRNOG00000074766		X
ENSRNOG00000074780		X
ENSRNOG00000074812		X
ENSRNOG00000074843	Dkc1	X
ENSRNOG00000074847		X
ENSRNOG00000074867		X
ENSRNOG00000074896		X
ENSRNOG00000074909		X
ENSRNOG00000074913		X
ENSRNOG00000074965		Y
ENSRNOG00000074992		X
ENSRNOG00000075000		X
ENSRNOG00000075146		X
ENSRNOG00000075217		Y
ENSRNOG00000075223		X
ENSRNOG00000075244		Y
ENSRNOG00000075247		X
ENSRNOG00000075260		X
ENSRNOG00000075301		X
ENSRNOG00000075323		X
ENSRNOG00000075399	U6	X
ENSRNOG00000075421		Y
ENSRNOG00000075442		Y
ENSRNOG00000075446		X
ENSRNOG00000075471		X
ENSRNOG00000075503		Y
ENSRNOG00000075510		Y
ENSRNOG00000075520		X
ENSRNOG00000075532		Y
ENSRNOG00000075558		X
ENSRNOG00000075584		X
ENSRNOG00000075589		X
ENSRNOG00000075607		X
ENSRNOG00000075634	U6	X
ENSRNOG00000075693		X
ENSRNOG00000075715		Y
ENSRNOG00000075733		X
ENSRNOG00000075753		Y
ENSRNOG00000075765		X
ENSRNOG00000075767		X
ENSRNOG00000075783		X
ENSRNOG00000075816		X
ENSRNOG00000075818		X
ENSRNOG00000075877		X
ENSRNOG00000075924		X
ENSRNOG00000075930		X
ENSRNOG00000075973		X
ENSRNOG00000075998		X
ENSRNOG00000076015		X
ENSRNOG00000076047		X
ENSRNOG00000076059		X
ENSRNOG00000076083		X
ENSRNOG00000076123		Y
ENSRNOG00000076145		X
ENSRNOG00000076155		X
ENSRNOG00000076157		Y
ENSRNOG00000076183		X
ENSRNOG00000076208		X
ENSRNOG00000076229		X
ENSRNOG00000076232		Y
ENSRNOG00000076307		X
ENSRNOG00000076417		X
ENSRNOG00000076461		X
ENSRNOG00000076510		X
ENSRNOG00000076512		X
ENSRNOG00000076516		X
ENSRNOG00000076532		X
ENSRNOG00000076555		X
ENSRNOG00000076578		X
ENSRNOG00000076579		X
ENSRNOG00000076608		X
ENSRNOG00000076624		X
ENSRNOG00000076634		X
ENSRNOG00000076644	Or7r1	X
ENSRNOG00000076660		X
ENSRNOG00000076685		Y
ENSRNOG00000076722	Foxr2	X
ENSRNOG00000076730		X
ENSRNOG00000076756		Y
ENSRNOG00000076768		Y
ENSRNOG00000076772		X
ENSRNOG00000076787		X
ENSRNOG00000076796		X
ENSRNOG00000076839		X
ENSRNOG00000076840		X
ENSRNOG00000076865		X
ENSRNOG00000076872		Y
ENSRNOG00000076885		X
ENSRNOG00000076893		X
ENSRNOG00000076937		X
ENSRNOG00000076970		X
ENSRNOG00000077066	U6	X
ENSRNOG00000077096		X
ENSRNOG00000077174		X
ENSRNOG00000077220		X
ENSRNOG00000077231		X
ENSRNOG00000077273	U6	X
ENSRNOG00000077287	Spin4	X
ENSRNOG00000077297		Y
ENSRNOG00000077336	U6	X
ENSRNOG00000077353		X
ENSRNOG00000077377		X
ENSRNOG00000077407		X
ENSRNOG00000077414		X
ENSRNOG00000077426		X
ENSRNOG00000077518		X
ENSRNOG00000077555		X
ENSRNOG00000077559		Y
ENSRNOG00000077606		Y
ENSRNOG00000077611		X
ENSRNOG00000077624		X
ENSRNOG00000077649		X
ENSRNOG00000077755	Fancd2osl1	X
ENSRNOG00000077762		Y
ENSRNOG00000077798	Chst7	X
ENSRNOG00000077812		X
ENSRNOG00000077848		X
ENSRNOG00000077854		Y
ENSRNOG00000077860		Y
ENSRNOG00000077861		X
ENSRNOG00000077921		X
ENSRNOG00000077927		X
ENSRNOG00000077934		Y
ENSRNOG00000077947		X
ENSRNOG00000077981		X
ENSRNOG00000078012		X
ENSRNOG00000078025		X
ENSRNOG00000078043		Y
ENSRNOG00000078108		X
ENSRNOG00000078157		X
ENSRNOG00000078188		X
ENSRNOG00000078206		X
ENSRNOG00000078207		X
ENSRNOG00000078211		X
ENSRNOG00000078218		X
ENSRNOG00000078249		X
ENSRNOG00000078250		X
ENSRNOG00000078288		X
ENSRNOG00000078309		X
ENSRNOG00000078347		X
ENSRNOG00000078358		X
ENSRNOG00000078364		X
ENSRNOG00000078373		X
ENSRNOG00000078409		X
ENSRNOG00000078411		Y
ENSRNOG00000078414		X
ENSRNOG00000078459		X
ENSRNOG00000078481		X
ENSRNOG00000078528		X
ENSRNOG00000078531		Y
ENSRNOG00000078536		X
ENSRNOG00000078538		X
ENSRNOG00000078561		X
ENSRNOG00000078583		X
ENSRNOG00000078629		X
ENSRNOG00000078675		X
ENSRNOG00000078699		X
ENSRNOG00000078701		Y
ENSRNOG00000078735		X
ENSRNOG00000078736		X
ENSRNOG00000078740		Y
ENSRNOG00000078789		X
ENSRNOG00000078819		Y
ENSRNOG00000078820		X
ENSRNOG00000078832	Fam199x	X
ENSRNOG00000078970		X
ENSRNOG00000078978		X
ENSRNOG00000078996		X
ENSRNOG00000079013		X
ENSRNOG00000079015		X
ENSRNOG00000079032		X
ENSRNOG00000079036		X
ENSRNOG00000079046		Y
ENSRNOG00000079057		X
ENSRNOG00000079118		X
ENSRNOG00000079129		X
ENSRNOG00000079138		X
ENSRNOG00000079224		X
ENSRNOG00000079287		Y
ENSRNOG00000079301		X
ENSRNOG00000079314		X
ENSRNOG00000079315		X
ENSRNOG00000079503		X
ENSRNOG00000079507		X
ENSRNOG00000079515		X
ENSRNOG00000079595		Y
ENSRNOG00000079630		X
ENSRNOG00000079679		Y
ENSRNOG00000079688		X
ENSRNOG00000079695		Y
ENSRNOG00000079696		X
ENSRNOG00000079746	U6	X
ENSRNOG00000079769		X
ENSRNOG00000079797	Sry3C	Y
ENSRNOG00000079805		X
ENSRNOG00000079835		X
ENSRNOG00000079848		X
ENSRNOG00000079872		Y
ENSRNOG00000079877		X
ENSRNOG00000079918	H2al3	X
ENSRNOG00000079941		X
ENSRNOG00000079946		X
ENSRNOG00000079971		X
ENSRNOG00000079973		Y
ENSRNOG00000079979		Y
ENSRNOG00000080005	Sry	Y
ENSRNOG00000080013	U6	X
ENSRNOG00000080046		X
ENSRNOG00000080132		X
ENSRNOG00000080143		Y
ENSRNOG00000080148		X
ENSRNOG00000080175		X
ENSRNOG00000080197		X
ENSRNOG00000080232	Sh2d1a	X
ENSRNOG00000080258		Y
ENSRNOG00000080288		X
ENSRNOG00000080351		X
ENSRNOG00000080376		X
ENSRNOG00000080458		X
ENSRNOG00000080500	Pabpc1l2a	X
ENSRNOG00000080526		X
ENSRNOG00000080549		X
ENSRNOG00000080570		Y
ENSRNOG00000080572	Gm24470	X
ENSRNOG00000080575		X
ENSRNOG00000080662		X
ENSRNOG00000080664	F8a1	X
ENSRNOG00000080754		X
ENSRNOG00000080768		X
ENSRNOG00000080784		X
ENSRNOG00000080810		X
ENSRNOG00000080813		X
ENSRNOG00000080878		Y
ENSRNOG00000080894	Gm23705	X
ENSRNOG00000080934		X
ENSRNOG00000081013		X
ENSRNOG00000081069		X
ENSRNOG00000081073	U6	X
ENSRNOG00000081090		X
ENSRNOG00000081129		X
ENSRNOG00000081181		X
ENSRNOG00000081245		X
ENSRNOG00000081278		X
ENSRNOG00000081328		X
ENSRNOG00000081394	Sry3A	Y
ENSRNOG00000081409		X
ENSRNOG00000081436		X
ENSRNOG00000081441		X
ENSRNOG00000081468		X
ENSRNOG00000081498		X
ENSRNOG00000081515		X
ENSRNOG00000081568		X
ENSRNOG00000081573		X
ENSRNOG00000081587		X
ENSRNOG00000081638		X
ENSRNOG00000081652	Gm22023	X
ENSRNOG00000081668	U6	X
ENSRNOG00000081763		X
ENSRNOG00000081781		Y
ENSRNOG00000081803		X
ENSRNOG00000081812		X
ENSRNOG00000081869		X
ENSRNOG00000081884		X
ENSRNOG00000081918		X
ENSRNOG00000081938		X
ENSRNOG00000081940		X
ENSRNOG00000081943		X
ENSRNOG00000081948		X
ENSRNOG00000081996		X
ENSRNOG00000081999		Y
ENSRNOG00000082020	Apool	X
ENSRNOG00000082077		X
ENSRNOG00000082097		X
ENSRNOG00000082116		X
ENSRNOG00000082128	Rhox7	X
ENSRNOG00000082130		X
ENSRNOG00000082142		X
ENSRNOG00000082144		Y
ENSRNOG00000082241		X
ENSRNOG00000082256		Y
ENSRNOG00000082273	U1	X
ENSRNOG00000082319		X
ENSRNOG00000082397		Y
ENSRNOG00000082477		X
ENSRNOG00000082540		X
ENSRNOG00000082574		X
ENSRNOG00000082597		X
ENSRNOG00000082604		X
ENSRNOG00000082605		X
ENSRNOG00000082635		X
ENSRNOG00000082650		X
ENSRNOG00000082666		X
ENSRNOG00000082728		X
ENSRNOG00000082735		Y
ENSRNOG00000082736		X
ENSRNOG00000082755	Sry3b2	Y
ENSRNOG00000082759		Y
ENSRNOG00000082805		Y
ENSRNOG00000082825		X
ENSRNOG00000082838		X
ENSRNOG00000082842		X
ENSRNOG00000082866		X
ENSRNOG00000082950	U6	X
ENSRNOG00000082973		Y
ENSRNOG00000082977		X
ENSRNOG00000083017		X
ENSRNOG00000083031		Y
ENSRNOG00000083046		X
ENSRNOG00000083091	U6	X
ENSRNOG00000083146		X
ENSRNOG00000083228	Kantr	X
ENSRNOG00000083231		X
ENSRNOG00000083264	Sry2	Y
ENSRNOG00000083277		X
ENSRNOG00000083334		X
ENSRNOG00000083341	Dmrtc1c1	X
ENSRNOG00000083374		X
ENSRNOG00000083428		X
ENSRNOG00000083470	U6	X
ENSRNOG00000083477		Y
ENSRNOG00000083491		X
ENSRNOG00000083492		X
ENSRNOG00000083515		X
ENSRNOG00000083575		X
ENSRNOG00000083586		X
ENSRNOG00000083589		Y
ENSRNOG00000083591		X
ENSRNOG00000083594		X
ENSRNOG00000083597		X
ENSRNOG00000083656		X
ENSRNOG00000083715		X
ENSRNOG00000083765		X
ENSRNOG00000083862	Uba1y	Y
ENSRNOG00000083866		X
ENSRNOG00000083876		X
ENSRNOG00000083903		X
ENSRNOG00000083909	Sry3B1	Y
ENSRNOG00000084007		X
ENSRNOG00000084059		X
ENSRNOG00000084060		Y
ENSRNOG00000084078		X
ENSRNOG00000084080		X
ENSRNOG00000084209		X
ENSRNOG00000084220	Pdzd11	X
ENSRNOG00000084222		X
ENSRNOG00000084238		X
ENSRNOG00000084239		Y
ENSRNOG00000084265		X
ENSRNOG00000084307		X
ENSRNOG00000084381		Y
ENSRNOG00000084384		X
ENSRNOG00000084418		Y
ENSRNOG00000084435		Y
ENSRNOG00000084436		X
ENSRNOG00000084452		Y
ENSRNOG00000084456		X
ENSRNOG00000084478		Y
ENSRNOG00000084494	Fthl17b	X
ENSRNOG00000084508		X
ENSRNOG00000084517		Y
ENSRNOG00000084524		X
ENSRNOG00000084526		Y
ENSRNOG00000084557	Cxhxorf65	X
ENSRNOG00000084645		X
ENSRNOG00000084655		X
ENSRNOG00000084670		Y
ENSRNOG00000084675		Y
ENSRNOG00000084696		Y
ENSRNOG00000084697		X
ENSRNOG00000084718		Y
ENSRNOG00000084725		X
ENSRNOG00000084736		X
ENSRNOG00000084809		Y
ENSRNOG00000084841		X
ENSRNOG00000084868		X
ENSRNOG00000084870		X
ENSRNOG00000084873	Zxda	X
ENSRNOG00000084885		X
ENSRNOG00000084893		X
ENSRNOG00000084941		X
ENSRNOG00000084949		X
ENSRNOG00000084958		X
ENSRNOG00000084977		X
ENSRNOG00000085000		X
ENSRNOG00000085020		X
ENSRNOG00000085094		X
ENSRNOG00000085164		X
ENSRNOG00000085175		Y
ENSRNOG00000085190		X
ENSRNOG00000085200		X
ENSRNOG00000085202		X
ENSRNOG00000085258		X
ENSRNOG00000085266		X
ENSRNOG00000085284		X
ENSRNOG00000085288	Sry4	Y
ENSRNOG00000085330		X
ENSRNOG00000085381		Y
ENSRNOG00000085386	U6	X
ENSRNOG00000085433		X
ENSRNOG00000085439		X
ENSRNOG00000085457		X
ENSRNOG00000085502		X
ENSRNOG00000085522		X
ENSRNOG00000085556		X
ENSRNOG00000085576		Y
ENSRNOG00000085632		X
ENSRNOG00000085642		X
ENSRNOG00000085671		X
ENSRNOG00000085687		X
ENSRNOG00000085696		Y
ENSRNOG00000085712		X
ENSRNOG00000085777		X
ENSRNOG00000085857	Uxt	X
ENSRNOG00000085874		Y
ENSRNOG00000085894		X
ENSRNOG00000085973		X
ENSRNOG00000085986		X
ENSRNOG00000086008		X
ENSRNOG00000086036		X
ENSRNOG00000086050	Tsx	X
ENSRNOG00000086108		Y
ENSRNOG00000086145		X
ENSRNOG00000086258		X
ENSRNOG00000086269		X
ENSRNOG00000086321		X
ENSRNOG00000086382		X
ENSRNOG00000086398		X
ENSRNOG00000086439		X
ENSRNOG00000086486		Y
ENSRNOG00000086500		X
ENSRNOG00000086546	U6	X
ENSRNOG00000086547		X
ENSRNOG00000086556		Y
ENSRNOG00000086659		X
ENSRNOG00000086661		X
ENSRNOG00000086696		X
ENSRNOG00000086753		X
ENSRNOG00000086793		X
ENSRNOG00000086864		X
ENSRNOG00000086904		X
ENSRNOG00000086918		X
ENSRNOG00000086921		X
ENSRNOG00000086988		X
ENSRNOG00000087001		Y
ENSRNOG00000087054		X
ENSRNOG00000087124		X
ENSRNOG00000087133		X
ENSRNOG00000087140		X
ENSRNOG00000087259		X
ENSRNOG00000087268		X
ENSRNOG00000087338		X
ENSRNOG00000087396		Y
ENSRNOG00000087416		Y
ENSRNOG00000087420		X
ENSRNOG00000087433		Y
ENSRNOG00000087658		X
ENSRNOG00000087777		Y
ENSRNOG00000087810		X
ENSRNOG00000087835		X
ENSRNOG00000087846		X
ENSRNOG00000087884		X
ENSRNOG00000087898		X
ENSRNOG00000087945		X
ENSRNOG00000087979		X
ENSRNOG00000088024		X
ENSRNOG00000088045		Y
ENSRNOG00000088103		X
ENSRNOG00000088113		X
ENSRNOG00000088120		X
ENSRNOG00000088138		X
ENSRNOG00000088142		X
ENSRNOG00000088152		Y
ENSRNOG00000088246		X
ENSRNOG00000088255		Y
ENSRNOG00000088275		Y
ENSRNOG00000088280		X
ENSRNOG00000088365		X
ENSRNOG00000088380		X
ENSRNOG00000088388		X
ENSRNOG00000088486		X
ENSRNOG00000088501		X
ENSRNOG00000088511		X
ENSRNOG00000088514		X
ENSRNOG00000088518		X
ENSRNOG00000088537		X
ENSRNOG00000088563		X
ENSRNOG00000088573		X
ENSRNOG00000088586		X
ENSRNOG00000088601		Y
ENSRNOG00000088617		X
ENSRNOG00000088626		X
ENSRNOG00000088734		X
ENSRNOG00000088736		X
ENSRNOG00000088810		X
ENSRNOG00000088812		X
ENSRNOG00000088882		X
ENSRNOG00000088892	Srpx	X
ENSRNOG00000088921		X
ENSRNOG00000088922	Zxdb	X
ENSRNOG00000089025		Y
ENSRNOG00000089030		X
ENSRNOG00000089042		Y
ENSRNOG00000089238	B630019K06Rik	X
ENSRNOG00000089241	Ube1y1	Y
ENSRNOG00000089270		X
ENSRNOG00000089305		X
ENSRNOG00000089344		Y
ENSRNOG00000089348		X
ENSRNOG00000089369		X
ENSRNOG00000089464	H2ap	X
ENSRNOG00000089486		X
ENSRNOG00000089506		X
ENSRNOG00000089512		X
ENSRNOG00000089547		X
ENSRNOG00000089589	Xkrx	X
ENSRNOG00000089612		X
ENSRNOG00000089620	Prrg1	X
ENSRNOG00000089633		Y
ENSRNOG00000089645		X
ENSRNOG00000089702		X
ENSRNOG00000089756		X
ENSRNOG00000089769		Y
ENSRNOG00000089776		X
ENSRNOG00000089810		X
ENSRNOG00000089811	5S_rRNA	Y
ENSRNOG00000089850		X
ENSRNOG00000089919		X
ENSRNOG00000089952		X
ENSRNOG00000089969		Y
ENSRNOG00000089983		X
ENSRNOG00000089984		X
ENSRNOG00000090027		X
ENSRNOG00000090042	B630019K06Rikl	X
ENSRNOG00000090058		Y
ENSRNOG00000090063		X
ENSRNOG00000090090		X
ENSRNOG00000090116		X
ENSRNOG00000090148		X
ENSRNOG00000090205		X
ENSRNOG00000090248		Y
ENSRNOG00000090264		X
ENSRNOG00000090281		X
ENSRNOG00000090311		Y
ENSRNOG00000090355		X
ENSRNOG00000090415		X
ENSRNOG00000090416		Y
ENSRNOG00000090472		X
ENSRNOG00000090475		X
ENSRNOG00000090479		Y
ENSRNOG00000090510		X
ENSRNOG00000090538		Y
ENSRNOG00000090566		X
ENSRNOG00000090711		X
ENSRNOG00000090712		Y
ENSRNOG00000090726		X
ENSRNOG00000090738		X
ENSRNOG00000090751		X
ENSRNOG00000090797		Y
ENSRNOG00000090831		X
ENSRNOG00000090861		X
ENSRNOG00000090864		Y
ENSRNOG00000090904		X
ENSRNOG00000090920		X
ENSRNOG00000090937		X
ENSRNOG00000090943	Vcf2	X
ENSRNOG00000091035		X
ENSRNOG00000091046		X
ENSRNOG00000091072		X
ENSRNOG00000091079		X
ENSRNOG00000091088		X
ENSRNOG00000091099		X
ENSRNOG00000091104		X
ENSRNOG00000091110		Y
ENSRNOG00000091115		X
ENSRNOG00000091119		X
ENSRNOG00000091127		X
ENSRNOG00000091134		X
ENSRNOG00000091136		X
ENSRNOG00000091143		X
ENSRNOG00000091202		X
ENSRNOG00000091208		X
ENSRNOG00000091219		X
ENSRNOG00000091257		X
ENSRNOG00000091305		X
ENSRNOG00000091326		X
ENSRNOG00000091328		X
ENSRNOG00000091352		X
ENSRNOG00000091369		X
ENSRNOG00000091378		Y
